system,fault,instances,domains,effect_asr,lifecycle_accuracy
PassThrough,UNTRUSTED_FIELD_BINDING,80,4,1.0,0.0
ToolAllowlist,UNTRUSTED_FIELD_BINDING,80,4,1.0,0.0
GatewayPolicy,UNTRUSTED_FIELD_BINDING,80,4,1.0,0.0
ProvenanceGateway,UNTRUSTED_FIELD_BINDING,80,4,0.0,1.0
EffectBoundPermit,UNTRUSTED_FIELD_BINDING,80,4,1.0,0.0
Gateway+Finality,UNTRUSTED_FIELD_BINDING,80,4,0.0,1.0
CONTINUITY,UNTRUSTED_FIELD_BINDING,80,4,0.0,1.0
PassThrough,DROP_PROVENANCE,80,4,1.0,0.0
ToolAllowlist,DROP_PROVENANCE,80,4,1.0,0.0
GatewayPolicy,DROP_PROVENANCE,80,4,1.0,0.0
ProvenanceGateway,DROP_PROVENANCE,80,4,1.0,0.0
EffectBoundPermit,DROP_PROVENANCE,80,4,1.0,0.0
Gateway+Finality,DROP_PROVENANCE,80,4,1.0,0.0
CONTINUITY,DROP_PROVENANCE,80,4,0.0,1.0
PassThrough,PROVENANCE_VALUE_SUBSTITUTION,80,4,1.0,0.0
ToolAllowlist,PROVENANCE_VALUE_SUBSTITUTION,80,4,1.0,0.0
GatewayPolicy,PROVENANCE_VALUE_SUBSTITUTION,80,4,1.0,0.0
ProvenanceGateway,PROVENANCE_VALUE_SUBSTITUTION,80,4,1.0,0.0
EffectBoundPermit,PROVENANCE_VALUE_SUBSTITUTION,80,4,1.0,0.0
Gateway+Finality,PROVENANCE_VALUE_SUBSTITUTION,80,4,1.0,0.0
CONTINUITY,PROVENANCE_VALUE_SUBSTITUTION,80,4,0.0,1.0
PassThrough,UNTRUSTED_ROOT_PRODUCER,80,4,1.0,0.0
ToolAllowlist,UNTRUSTED_ROOT_PRODUCER,80,4,1.0,0.0
GatewayPolicy,UNTRUSTED_ROOT_PRODUCER,80,4,1.0,0.0
ProvenanceGateway,UNTRUSTED_ROOT_PRODUCER,80,4,1.0,0.0
EffectBoundPermit,UNTRUSTED_ROOT_PRODUCER,80,4,1.0,0.0
Gateway+Finality,UNTRUSTED_ROOT_PRODUCER,80,4,1.0,0.0
CONTINUITY,UNTRUSTED_ROOT_PRODUCER,80,4,0.0,1.0
PassThrough,ROOT_AUTHORITY_EXCEEDED,80,4,1.0,0.0
ToolAllowlist,ROOT_AUTHORITY_EXCEEDED,80,4,1.0,0.0
GatewayPolicy,ROOT_AUTHORITY_EXCEEDED,80,4,1.0,0.0
ProvenanceGateway,ROOT_AUTHORITY_EXCEEDED,80,4,1.0,0.0
EffectBoundPermit,ROOT_AUTHORITY_EXCEEDED,80,4,1.0,0.0
Gateway+Finality,ROOT_AUTHORITY_EXCEEDED,80,4,1.0,0.0
CONTINUITY,ROOT_AUTHORITY_EXCEEDED,80,4,0.0,1.0
PassThrough,ROOT_SCOPE_EXCEEDED,80,4,1.0,0.0
ToolAllowlist,ROOT_SCOPE_EXCEEDED,80,4,1.0,0.0
GatewayPolicy,ROOT_SCOPE_EXCEEDED,80,4,1.0,0.0
ProvenanceGateway,ROOT_SCOPE_EXCEEDED,80,4,1.0,0.0
EffectBoundPermit,ROOT_SCOPE_EXCEEDED,80,4,1.0,0.0
Gateway+Finality,ROOT_SCOPE_EXCEEDED,80,4,1.0,0.0
CONTINUITY,ROOT_SCOPE_EXCEEDED,80,4,0.0,1.0
PassThrough,ROOT_FIELD_CONSTRAINT_BYPASS,80,4,1.0,0.0
ToolAllowlist,ROOT_FIELD_CONSTRAINT_BYPASS,80,4,1.0,0.0
GatewayPolicy,ROOT_FIELD_CONSTRAINT_BYPASS,80,4,1.0,0.0
ProvenanceGateway,ROOT_FIELD_CONSTRAINT_BYPASS,80,4,1.0,0.0
EffectBoundPermit,ROOT_FIELD_CONSTRAINT_BYPASS,80,4,1.0,0.0
Gateway+Finality,ROOT_FIELD_CONSTRAINT_BYPASS,80,4,1.0,0.0
CONTINUITY,ROOT_FIELD_CONSTRAINT_BYPASS,80,4,0.0,1.0
PassThrough,PRINCIPAL_SUBSTITUTION,80,4,1.0,0.0
ToolAllowlist,PRINCIPAL_SUBSTITUTION,80,4,1.0,0.0
GatewayPolicy,PRINCIPAL_SUBSTITUTION,80,4,1.0,0.0
ProvenanceGateway,PRINCIPAL_SUBSTITUTION,80,4,1.0,0.0
EffectBoundPermit,PRINCIPAL_SUBSTITUTION,80,4,1.0,0.0
Gateway+Finality,PRINCIPAL_SUBSTITUTION,80,4,1.0,0.0
CONTINUITY,PRINCIPAL_SUBSTITUTION,80,4,0.0,1.0
PassThrough,AUTHORITY_AMPLIFICATION,80,4,1.0,0.0
ToolAllowlist,AUTHORITY_AMPLIFICATION,80,4,1.0,0.0
GatewayPolicy,AUTHORITY_AMPLIFICATION,80,4,1.0,0.0
ProvenanceGateway,AUTHORITY_AMPLIFICATION,80,4,1.0,0.0
EffectBoundPermit,AUTHORITY_AMPLIFICATION,80,4,1.0,0.0
Gateway+Finality,AUTHORITY_AMPLIFICATION,80,4,1.0,0.0
CONTINUITY,AUTHORITY_AMPLIFICATION,80,4,0.0,1.0
PassThrough,DELEGATION_WIDENING,80,4,1.0,0.0
ToolAllowlist,DELEGATION_WIDENING,80,4,1.0,0.0
GatewayPolicy,DELEGATION_WIDENING,80,4,1.0,0.0
ProvenanceGateway,DELEGATION_WIDENING,80,4,1.0,0.0
EffectBoundPermit,DELEGATION_WIDENING,80,4,1.0,0.0
Gateway+Finality,DELEGATION_WIDENING,80,4,1.0,0.0
CONTINUITY,DELEGATION_WIDENING,80,4,0.0,1.0
PassThrough,ARGUMENT_MUTATION,80,4,1.0,0.0
ToolAllowlist,ARGUMENT_MUTATION,80,4,1.0,0.0
GatewayPolicy,ARGUMENT_MUTATION,80,4,1.0,0.0
ProvenanceGateway,ARGUMENT_MUTATION,80,4,1.0,0.0
EffectBoundPermit,ARGUMENT_MUTATION,80,4,1.0,0.0
Gateway+Finality,ARGUMENT_MUTATION,80,4,1.0,0.0
CONTINUITY,ARGUMENT_MUTATION,80,4,0.0,1.0
PassThrough,DESTINATION_SUBSTITUTION,80,4,1.0,0.0
ToolAllowlist,DESTINATION_SUBSTITUTION,80,4,1.0,0.0
GatewayPolicy,DESTINATION_SUBSTITUTION,80,4,1.0,0.0
ProvenanceGateway,DESTINATION_SUBSTITUTION,80,4,1.0,0.0
EffectBoundPermit,DESTINATION_SUBSTITUTION,80,4,1.0,0.0
Gateway+Finality,DESTINATION_SUBSTITUTION,80,4,1.0,0.0
CONTINUITY,DESTINATION_SUBSTITUTION,80,4,0.0,1.0
PassThrough,TOOL_SERVER_SWAP,80,4,1.0,0.0
ToolAllowlist,TOOL_SERVER_SWAP,80,4,1.0,0.0
GatewayPolicy,TOOL_SERVER_SWAP,80,4,1.0,0.0
ProvenanceGateway,TOOL_SERVER_SWAP,80,4,1.0,0.0
EffectBoundPermit,TOOL_SERVER_SWAP,80,4,1.0,0.0
Gateway+Finality,TOOL_SERVER_SWAP,80,4,1.0,0.0
CONTINUITY,TOOL_SERVER_SWAP,80,4,0.0,1.0
PassThrough,POLICY_DOWNGRADE,80,4,1.0,0.0
ToolAllowlist,POLICY_DOWNGRADE,80,4,1.0,0.0
GatewayPolicy,POLICY_DOWNGRADE,80,4,1.0,0.0
ProvenanceGateway,POLICY_DOWNGRADE,80,4,1.0,0.0
EffectBoundPermit,POLICY_DOWNGRADE,80,4,1.0,0.0
Gateway+Finality,POLICY_DOWNGRADE,80,4,1.0,0.0
CONTINUITY,POLICY_DOWNGRADE,80,4,0.0,1.0
PassThrough,NONCE_REPLAY,80,4,1.0,0.0
ToolAllowlist,NONCE_REPLAY,80,4,1.0,0.0
GatewayPolicy,NONCE_REPLAY,80,4,1.0,0.0
ProvenanceGateway,NONCE_REPLAY,80,4,1.0,0.0
EffectBoundPermit,NONCE_REPLAY,80,4,0.0,1.0
Gateway+Finality,NONCE_REPLAY,80,4,0.0,1.0
CONTINUITY,NONCE_REPLAY,80,4,0.0,1.0
PassThrough,ALTERNATE_PATH,80,4,1.0,0.0
ToolAllowlist,ALTERNATE_PATH,80,4,1.0,0.0
GatewayPolicy,ALTERNATE_PATH,80,4,1.0,0.0
ProvenanceGateway,ALTERNATE_PATH,80,4,1.0,0.0
EffectBoundPermit,ALTERNATE_PATH,80,4,0.0,1.0
Gateway+Finality,ALTERNATE_PATH,80,4,0.0,1.0
CONTINUITY,ALTERNATE_PATH,80,4,0.0,1.0
PassThrough,MEMORY_LAUNDERING,80,4,1.0,0.0
ToolAllowlist,MEMORY_LAUNDERING,80,4,1.0,0.0
GatewayPolicy,MEMORY_LAUNDERING,80,4,1.0,0.0
ProvenanceGateway,MEMORY_LAUNDERING,80,4,1.0,0.0
EffectBoundPermit,MEMORY_LAUNDERING,80,4,1.0,0.0
Gateway+Finality,MEMORY_LAUNDERING,80,4,1.0,0.0
CONTINUITY,MEMORY_LAUNDERING,80,4,0.0,1.0
PassThrough,TAINT_DOWNGRADE,80,4,1.0,0.0
ToolAllowlist,TAINT_DOWNGRADE,80,4,1.0,0.0
GatewayPolicy,TAINT_DOWNGRADE,80,4,0.0,1.0
ProvenanceGateway,TAINT_DOWNGRADE,80,4,0.0,1.0
EffectBoundPermit,TAINT_DOWNGRADE,80,4,1.0,0.0
Gateway+Finality,TAINT_DOWNGRADE,80,4,0.0,1.0
CONTINUITY,TAINT_DOWNGRADE,80,4,0.0,1.0
PassThrough,EFFECT_CLASS_DOWNGRADE,80,4,1.0,0.0
ToolAllowlist,EFFECT_CLASS_DOWNGRADE,80,4,1.0,0.0
GatewayPolicy,EFFECT_CLASS_DOWNGRADE,80,4,1.0,0.0
ProvenanceGateway,EFFECT_CLASS_DOWNGRADE,80,4,1.0,0.0
EffectBoundPermit,EFFECT_CLASS_DOWNGRADE,80,4,1.0,0.0
Gateway+Finality,EFFECT_CLASS_DOWNGRADE,80,4,1.0,0.0
CONTINUITY,EFFECT_CLASS_DOWNGRADE,80,4,0.0,1.0
PassThrough,CONTEXT_ROOT_OMISSION,80,4,1.0,0.0
ToolAllowlist,CONTEXT_ROOT_OMISSION,80,4,1.0,0.0
GatewayPolicy,CONTEXT_ROOT_OMISSION,80,4,1.0,0.0
ProvenanceGateway,CONTEXT_ROOT_OMISSION,80,4,1.0,0.0
EffectBoundPermit,CONTEXT_ROOT_OMISSION,80,4,1.0,0.0
Gateway+Finality,CONTEXT_ROOT_OMISSION,80,4,1.0,0.0
CONTINUITY,CONTEXT_ROOT_OMISSION,80,4,0.0,1.0
PassThrough,RETRY_DUPLICATE,80,4,1.0,0.0
ToolAllowlist,RETRY_DUPLICATE,80,4,1.0,0.0
GatewayPolicy,RETRY_DUPLICATE,80,4,1.0,0.0
ProvenanceGateway,RETRY_DUPLICATE,80,4,1.0,0.0
EffectBoundPermit,RETRY_DUPLICATE,80,4,0.0,1.0
Gateway+Finality,RETRY_DUPLICATE,80,4,0.0,1.0
CONTINUITY,RETRY_DUPLICATE,80,4,0.0,1.0
PassThrough,UNAUTHORISED_STAGE_SIGNER,80,4,1.0,0.0
ToolAllowlist,UNAUTHORISED_STAGE_SIGNER,80,4,1.0,0.0
GatewayPolicy,UNAUTHORISED_STAGE_SIGNER,80,4,1.0,0.0
ProvenanceGateway,UNAUTHORISED_STAGE_SIGNER,80,4,1.0,0.0
EffectBoundPermit,UNAUTHORISED_STAGE_SIGNER,80,4,1.0,0.0
Gateway+Finality,UNAUTHORISED_STAGE_SIGNER,80,4,1.0,0.0
CONTINUITY,UNAUTHORISED_STAGE_SIGNER,80,4,0.0,1.0
PassThrough,RECEIPT_PRODUCER_MISMATCH,80,4,1.0,0.0
ToolAllowlist,RECEIPT_PRODUCER_MISMATCH,80,4,1.0,0.0
GatewayPolicy,RECEIPT_PRODUCER_MISMATCH,80,4,1.0,0.0
ProvenanceGateway,RECEIPT_PRODUCER_MISMATCH,80,4,1.0,0.0
EffectBoundPermit,RECEIPT_PRODUCER_MISMATCH,80,4,1.0,0.0
Gateway+Finality,RECEIPT_PRODUCER_MISMATCH,80,4,1.0,0.0
CONTINUITY,RECEIPT_PRODUCER_MISMATCH,80,4,0.0,1.0
PassThrough,MISSING_TRANSFORM_WITNESS,80,4,1.0,0.0
ToolAllowlist,MISSING_TRANSFORM_WITNESS,80,4,1.0,0.0
GatewayPolicy,MISSING_TRANSFORM_WITNESS,80,4,1.0,0.0
ProvenanceGateway,MISSING_TRANSFORM_WITNESS,80,4,1.0,0.0
EffectBoundPermit,MISSING_TRANSFORM_WITNESS,80,4,1.0,0.0
Gateway+Finality,MISSING_TRANSFORM_WITNESS,80,4,1.0,0.0
CONTINUITY,MISSING_TRANSFORM_WITNESS,80,4,0.0,1.0
PassThrough,INVALID_TRANSFORM_WITNESS,80,4,1.0,0.0
ToolAllowlist,INVALID_TRANSFORM_WITNESS,80,4,1.0,0.0
GatewayPolicy,INVALID_TRANSFORM_WITNESS,80,4,1.0,0.0
ProvenanceGateway,INVALID_TRANSFORM_WITNESS,80,4,1.0,0.0
EffectBoundPermit,INVALID_TRANSFORM_WITNESS,80,4,1.0,0.0
Gateway+Finality,INVALID_TRANSFORM_WITNESS,80,4,1.0,0.0
CONTINUITY,INVALID_TRANSFORM_WITNESS,80,4,0.0,1.0
PassThrough,RELEASE_PREDICATE_BYPASS,80,4,1.0,0.0
ToolAllowlist,RELEASE_PREDICATE_BYPASS,80,4,1.0,0.0
GatewayPolicy,RELEASE_PREDICATE_BYPASS,80,4,1.0,0.0
ProvenanceGateway,RELEASE_PREDICATE_BYPASS,80,4,0.0,1.0
EffectBoundPermit,RELEASE_PREDICATE_BYPASS,80,4,1.0,0.0
Gateway+Finality,RELEASE_PREDICATE_BYPASS,80,4,0.0,1.0
CONTINUITY,RELEASE_PREDICATE_BYPASS,80,4,0.0,1.0
PassThrough,RELEASE_VALUE_SUBSTITUTION,80,4,1.0,0.0
ToolAllowlist,RELEASE_VALUE_SUBSTITUTION,80,4,1.0,0.0
GatewayPolicy,RELEASE_VALUE_SUBSTITUTION,80,4,1.0,0.0
ProvenanceGateway,RELEASE_VALUE_SUBSTITUTION,80,4,0.0,1.0
EffectBoundPermit,RELEASE_VALUE_SUBSTITUTION,80,4,1.0,0.0
Gateway+Finality,RELEASE_VALUE_SUBSTITUTION,80,4,0.0,1.0
CONTINUITY,RELEASE_VALUE_SUBSTITUTION,80,4,0.0,1.0
PassThrough,EXPIRED_RELEASE,80,4,1.0,0.0
ToolAllowlist,EXPIRED_RELEASE,80,4,1.0,0.0
GatewayPolicy,EXPIRED_RELEASE,80,4,1.0,0.0
ProvenanceGateway,EXPIRED_RELEASE,80,4,0.0,1.0
EffectBoundPermit,EXPIRED_RELEASE,80,4,1.0,0.0
Gateway+Finality,EXPIRED_RELEASE,80,4,0.0,1.0
CONTINUITY,EXPIRED_RELEASE,80,4,0.0,1.0
PassThrough,SUBJECT_SUBSTITUTION,80,4,1.0,0.0
ToolAllowlist,SUBJECT_SUBSTITUTION,80,4,1.0,0.0
GatewayPolicy,SUBJECT_SUBSTITUTION,80,4,1.0,0.0
ProvenanceGateway,SUBJECT_SUBSTITUTION,80,4,1.0,0.0
EffectBoundPermit,SUBJECT_SUBSTITUTION,80,4,0.0,1.0
Gateway+Finality,SUBJECT_SUBSTITUTION,80,4,0.0,1.0
CONTINUITY,SUBJECT_SUBSTITUTION,80,4,0.0,1.0
PassThrough,POST_PERMIT_ACTION_SUBSTITUTION,80,4,1.0,0.0
ToolAllowlist,POST_PERMIT_ACTION_SUBSTITUTION,80,4,1.0,0.0
GatewayPolicy,POST_PERMIT_ACTION_SUBSTITUTION,80,4,1.0,0.0
ProvenanceGateway,POST_PERMIT_ACTION_SUBSTITUTION,80,4,1.0,0.0
EffectBoundPermit,POST_PERMIT_ACTION_SUBSTITUTION,80,4,0.0,1.0
Gateway+Finality,POST_PERMIT_ACTION_SUBSTITUTION,80,4,0.0,1.0
CONTINUITY,POST_PERMIT_ACTION_SUBSTITUTION,80,4,0.0,1.0
PassThrough,REVOKED_GRANT,80,4,1.0,0.0
ToolAllowlist,REVOKED_GRANT,80,4,1.0,0.0
GatewayPolicy,REVOKED_GRANT,80,4,1.0,0.0
ProvenanceGateway,REVOKED_GRANT,80,4,1.0,0.0
EffectBoundPermit,REVOKED_GRANT,80,4,0.0,1.0
Gateway+Finality,REVOKED_GRANT,80,4,0.0,1.0
CONTINUITY,REVOKED_GRANT,80,4,0.0,1.0
PassThrough,CONTRACT_GUARANTEE_VIOLATION,80,4,1.0,0.0
ToolAllowlist,CONTRACT_GUARANTEE_VIOLATION,80,4,1.0,0.0
GatewayPolicy,CONTRACT_GUARANTEE_VIOLATION,80,4,1.0,0.0
ProvenanceGateway,CONTRACT_GUARANTEE_VIOLATION,80,4,1.0,0.0
EffectBoundPermit,CONTRACT_GUARANTEE_VIOLATION,80,4,1.0,0.0
Gateway+Finality,CONTRACT_GUARANTEE_VIOLATION,80,4,1.0,0.0
CONTINUITY,CONTRACT_GUARANTEE_VIOLATION,80,4,0.0,1.0
